{"count":1,"self":341.0772736,"total":1282.9334560999998,"children":{"InitializeActuators":{"count":15,"self":0.0010054999999999999,"total":0.0010054999999999999,"children":null},"InitializeSensors":{"count":15,"self":0.0025396999999999998,"total":0.0025396999999999998,"children":null},"AgentSendState":{"count":367501,"self":129.6918656,"total":152.3780535,"children":{"CollectObservations":{"count":1102515,"self":2.65267,"total":2.6526701,"children":null},"WriteActionMask":{"count":1102515,"self":0.36662059999999996,"total":0.36662059999999996,"children":null},"RequestDecision":{"count":1102515,"self":2.7428771999999997,"total":19.666893599999998,"children":{"AgentInfo.ToProto":{"count":1102515,"self":1.8431279999999999,"total":16.9240165,"children":{"GenerateSensorData":{"count":1102515,"self":12.1376624,"total":15.080888499999999,"children":{"RayPerceptionSensor.Perceive":{"count":2205030,"self":2.9432259999999997,"total":2.9432259999999997,"children":null}}}}}}}}},"DecideAction":{"count":367501,"self":776.80537599999991,"total":776.805396,"children":null},"AgentAct":{"count":367501,"self":12.6264272,"total":12.6481186,"children":{"AgentInfo.ToProto":{"count":873,"self":0.0050136999999999994,"total":0.021691199999999997,"children":{"GenerateSensorData":{"count":873,"self":0.0141639,"total":0.016677499999999998,"children":{"RayPerceptionSensor.Perceive":{"count":1746,"self":0.0025136,"total":0.0025136,"children":null}}}}}}},"AgentInfo.ToProto":{"count":790,"self":0.0035050999999999997,"total":0.0200655,"children":{"GenerateSensorData":{"count":790,"self":0.015562099999999999,"total":0.0165604,"children":{"RayPerceptionSensor.Perceive":{"count":1580,"self":0.0009983,"total":0.0009983,"children":null}}}}}},"gauges":{"My Behavior.CumulativeReward":{"count":1663,"max":5.96079969,"min":-1.24913538,"runningAverage":-0.4501003,"value":-0.249985307,"weightedAverage":-0.274068832}},"metadata":{"timer_format_version":"0.1.0","start_time_seconds":"1727196880","unity_version":"2022.3.46f1","command_line_arguments":"C:\\Program Files\\Unity\\Hub\\Editor\\2022.3.46f1\\Editor\\Unity.exe -projectpath C:\\Users\\salah\\AI_Parking\\AI_Parking -useHub -hubIPC -cloudEnvironment production -licensingIpc LicenseClient-salah -hubSessionId 9d08cfd2-40d7-4892-b380-47dc2d27d366 -accessToken PIRJoy6J759PrIyHu7nKCYhLUxw2aoCF7trLEz6lPeQ00af","communication_protocol_version":"1.5.0","com.unity.ml-agents_version":"2.0.1","scene_name":"Parking Lot","end_time_seconds":"1727198163"}}