{"count":1,"self":5771.2422912,"total":9318.4786567,"children":{"InitializeActuators":{"count":15,"self":0.0009998,"total":0.0009998,"children":null},"InitializeSensors":{"count":15,"self":0.0015088999999999999,"total":0.0015088999999999999,"children":null},"AgentSendState":{"count":1333417,"self":395.2687616,"total":500.0581724,"children":{"CollectObservations":{"count":4000260,"self":11.5399304,"total":11.5399303,"children":null},"WriteActionMask":{"count":4000260,"self":1.4574615,"total":1.4574615,"children":null},"RequestDecision":{"count":4000260,"self":10.253874399999999,"total":91.792015499999991,"children":{"AgentInfo.ToProto":{"count":4000260,"self":7.4497072,"total":81.5381414,"children":{"GenerateSensorData":{"count":4000260,"self":56.34816,"total":74.0884343,"children":{"RayPerceptionSensor.Perceive":{"count":8000520,"self":17.7402736,"total":17.7402736,"children":null}}}}}}}}},"DecideAction":{"count":1333417,"self":3028.4443647999997,"total":3028.4443585,"children":null},"AgentAct":{"count":1333417,"self":16.293556799999998,"total":16.3139373,"children":{"AgentInfo.ToProto":{"count":816,"self":0,"total":0.020380199999999998,"children":{"GenerateSensorData":{"count":816,"self":0.0188695,"total":0.020380199999999998,"children":{"RayPerceptionSensor.Perceive":{"count":1632,"self":0.0015107,"total":0.0015107,"children":null}}}}}}},"AgentInfo.ToProto":{"count":62922,"self":0.3939934,"total":2.4174263,"children":{"GenerateSensorData":{"count":62922,"self":1.6258344,"total":2.0234329,"children":{"RayPerceptionSensor.Perceive":{"count":125844,"self":0.39759849999999997,"total":0.39759849999999997,"children":null}}}}}},"gauges":{"My Behavior.CumulativeReward":{"count":63738,"max":7.48231745,"min":-0.5986697,"runningAverage":3.00372,"value":3.7345,"weightedAverage":3.78818965}},"metadata":{"timer_format_version":"0.1.0","start_time_seconds":"1727268037","unity_version":"2022.3.46f1","command_line_arguments":"C:\\Program Files\\Unity\\Hub\\Editor\\2022.3.46f1\\Editor\\Unity.exe -projectpath C:\\Users\\salah\\AI_Parking\\AI_Parking -useHub -hubIPC -cloudEnvironment production -licensingIpc LicenseClient-salah -hubSessionId ff9aa731-fb98-410b-8ff8-446209aa8b75 -accessToken hoPJLvCh0vQ9ek1XaGxda7o8VtZC97XAaYK1LVhD5tE00af","communication_protocol_version":"1.5.0","com.unity.ml-agents_version":"2.0.1","scene_name":"PqrkingLot2","end_time_seconds":"1727277355"}}